[{"model": "challenges.challengetopic", "pk": 2, "fields": {"name": "SELECT basic", "summary": "Get different records from different tables.", "description": "Get different records from different tables, corresponding constraints.\r\nHere will be simple select clauses written.", "available": true, "order": 0}}, {"model": "challenges.challengetopic", "pk": 4, "fields": {"name": "INSERT basic", "summary": "Insert new records to different tables.", "description": "Insert new records with different constraints to different tables.\r\nHere will be simple insert clauses written.", "available": true, "order": 2}}, {"model": "challenges.challengetopic", "pk": 5, "fields": {"name": "DELETE basic", "summary": "Delete different records from different tables.", "description": "Delete different records from different tables, corresponding constraints.\r\nHere will be simple delete clauses written.", "available": true, "order": 3}}, {"model": "challenges.challengetopic", "pk": 6, "fields": {"name": "ALTER basic", "summary": "Change structures of tables.", "description": "Change structure of certain table by certain column name.\r\nHere will be simple alter clauses written.", "available": true, "order": 4}}, {"model": "challenges.challengetopic", "pk": 7, "fields": {"name": "CREATE basic", "summary": "Create new tables.", "description": "Create new table with wanted fields and constraints.\r\nHere will be simple create clauses written.", "available": true, "order": 5}}, {"model": "challenges.challengetopic", "pk": 9, "fields": {"name": "SELECT intermediate", "summary": "Get different records from different tables.", "description": "Get different records from different tables, corresponding constraints.\r\nHere will be intermediate select clauses written.", "available": true, "order": 6}}, {"model": "challenges.challengetopic", "pk": 10, "fields": {"name": "UPDATE basic", "summary": "Update different records from different tables, corresponding constraints.", "description": "Update different records from different tables, corresponding constraints.\r\nHere will be simple update clauses written.", "available": true, "order": 1}}, {"model": "challenges.challenge", "pk": 4, "fields": {"topic": 2, "name": "Get all pokemons.", "description": "Get all records of pokemons, show all columns.", "hints": "", "points": 5, "solution_sql": "SELECT * FROM pokemon;", "evaluation_sql": "", "available": true, "order": 0}}, {"model": "challenges.challenge", "pk": 5, "fields": {"topic": 2, "name": "Get names of pokemons.", "description": "Get names of all pokemons.", "hints": "", "points": 5, "solution_sql": "SELECT name FROM pokemon;", "evaluation_sql": "", "available": true, "order": 1}}, {"model": "challenges.challenge", "pk": 7, "fields": {"topic": 2, "name": "Get number of pokemons.", "description": "Get number of pokemons. Name the column as Num.", "hints": "", "points": 5, "solution_sql": "SELECT COUNT(*) AS Num FROM pokemon;", "evaluation_sql": "", "available": true, "order": 2}}, {"model": "challenges.challenge", "pk": 8, "fields": {"topic": 2, "name": "Get pokemons by same attack and defense.", "description": "Get all pokemons that have the same attack and defense value.\r\nShow names and attack.", "hints": "You can use a pattern col1 = col2", "points": 10, "solution_sql": "SELECT name, attack FROM pokemon WHERE attack = defense;", "evaluation_sql": "", "available": true, "order": 3}}, {"model": "challenges.challenge", "pk": 9, "fields": {"topic": 2, "name": "Get very fast pokemons.", "description": "Get all pokemons, whose speed is greater than 100. Show only pokemon number.", "hints": "", "points": 10, "solution_sql": "SELECT nr FROM pokemon WHERE speed > 100;", "evaluation_sql": "", "available": true, "order": 4}}, {"model": "challenges.challenge", "pk": 10, "fields": {"topic": 9, "name": "Get all countries with land ending.", "description": "Get all countries that have land ending. Show only country_null as name.", "hints": "Use LIKE function.", "points": 15, "solution_sql": "SELECT country_full AS name FROM fifa WHERE country_full LIKE '%land';", "evaluation_sql": "", "available": true, "order": 0}}, {"model": "challenges.challenge", "pk": 11, "fields": {"topic": 9, "name": "Get countries by confederation.", "description": "Get countries, show only name, whose confederation is not UEFA.", "hints": "Use NOT.", "points": 15, "solution_sql": "SELECT country_full FROM fifa WHERE confederation != 'UEFA';", "evaluation_sql": "", "available": true, "order": 1}}, {"model": "challenges.challenge", "pk": 12, "fields": {"topic": 9, "name": "Get all countries by name and abbreviation.", "description": "Get all countries, whose name doesn't start with the same letter  as abbrevation does. Show coun", "hints": "Use LEFT function.", "points": 20, "solution_sql": "SELECT country_full FROM fifa WHERE LEFT(country_full, 1) != LEFT(country_abrv, 1);", "evaluation_sql": "", "available": true, "order": 2}}, {"model": "challenges.challenge", "pk": 13, "fields": {"topic": 9, "name": "Get countries by one worded name.", "description": "Get all countries, whose name is not a single word. Show the name only.", "hints": "Use LIKE function.", "points": 20, "solution_sql": "SELECT country_full FROM fifa WHERE country_full LIKE '% %';", "evaluation_sql": "", "available": true, "order": 3}}, {"model": "challenges.challenge", "pk": 14, "fields": {"topic": 10, "name": "Update fast pokemons.", "description": "Update those pokemons speed to 60, where it is greater than 100.\r\nPlease write also a SELECT clause after the update clause to get all the records with all columns from the table.", "hints": "", "points": 10, "solution_sql": "UPDATE pokemon SET  speed = 60 WHERE speed > 100;\r\nSELECT * FROM pokemon;", "evaluation_sql": "", "available": true, "order": 0}}, {"model": "challenges.challenge", "pk": 18, "fields": {"topic": 10, "name": "Unset type_2-s.", "description": "Set type_2 to NULL, where pokemon's name is not a single word.\r\nPlease write also a select clause.", "hints": "Use LIKE function.", "points": 15, "solution_sql": "UPDATE pokemon SET type_2 = NULL WHERE name LIKE '% %';\r\nSELECT * FROM pokemon;", "evaluation_sql": "", "available": true, "order": 1}}, {"model": "challenges.challenge", "pk": 20, "fields": {"topic": 4, "name": "Add Estonian rank.", "description": "Please add a new record to the table:\r\n21, Estonia, EST, 0.1, 60, 5, 0.0, 0.0, 0.0, 0.0, 0.0, 0.0, 0.0, 0.0, UEFA, 1993-08-08.\r\nPlease write also a select clause.", "hints": "", "points": 10, "solution_sql": "INSERT INTO fifa VALUES(21, 'Estonia', 'EST', 0.1, 60, 5, 0.0, 0.0, 0.0, 0.0, 0.0, 0.0, 0.0, 0.0, 'UEFA', '1993-08-08');\r\nSELECT * FROM fifa;", "evaluation_sql": "", "available": true, "order": 0}}, {"model": "challenges.challenge", "pk": 21, "fields": {"topic": 6, "name": "Pokemon needs a lastname.", "description": "Please add a new column named lastname to pokemon table.\r\nPlease write also a select clause to get all the pokemon records.", "hints": "", "points": 15, "solution_sql": "ALTER TABLE pokemon ADD COLUMN lastname VARCHAR(50);\r\nSELECT * FROM pokemon;", "evaluation_sql": "", "available": true, "order": 0}}, {"model": "challenges.challenge", "pk": 23, "fields": {"topic": 5, "name": "Pokemons without the second type are useless, lets delete them.", "description": "Please delete all the records from pokemons table where type_2 is empty.\r\nPlease write also a select clause.", "hints": "", "points": 15, "solution_sql": "DELETE FROM pokemon WHERE type_2 = '';\r\nSELECT * FROM pokemon;", "evaluation_sql": "", "available": true, "order": 0}}, {"model": "challenges.challenge", "pk": 25, "fields": {"topic": 9, "name": "Lets use many tables.", "description": "Please get all the records from pokemon, where HP is greater than maximum value of country's previous points in fifa table.", "hints": "", "points": 15, "solution_sql": "SELECT * FROM pokemon WHERE hp > (SELECT MAX(previous_points) FROM fifa);", "evaluation_sql": "", "available": true, "order": 0}}, {"model": "challenges.challenge", "pk": 26, "fields": {"topic": 7, "name": "Lets make new table.", "description": "Please make new table called persons.\r\nThe table has the following columns:\r\nid, serial, primary key,\r\nfirstname, string, length 50, can't be empty,\r\nfirstname, string, length 50, can't be empty.\r\nAdd new record to the table:\r\nfirstname - Kala,\r\nlastname - Mana.\r\nPlease write also a select clause.", "hints": "", "points": 15, "solution_sql": "CREATE TABLE persons (\r\nid SERIAL PRIMARY KEY,\r\nfirstname VARCHAR(50) NOT NULL,\r\nlastname VARCHAR(50) NOT NULL\r\n);\r\nINSERT INTO persons (firstname, lastname) VALUES ('Kana', 'Mana');\r\nSELECT * FROM persons;", "evaluation_sql": "", "available": true, "order": 0}}, {"model": "challenges.challenge", "pk": 27, "fields": {"topic": 6, "name": "Delete column.", "description": "Delete column speed from pokemon table.\r\nPlease write also a select clause.", "hints": "Use DROP function.", "points": 15, "solution_sql": "ALTER TABLE pokemon DROP COLUMN speed;\r\nSELECT * FROM pokemon;", "evaluation_sql": "", "available": true, "order": 1}}, {"model": "challenges.challenge", "pk": 28, "fields": {"topic": 4, "name": "Add new country with only few columns filled.", "description": "Add the following country:\r\nrank - 21,\r\ncountry_full - Finland,\r\ncountry_abrv - FIN,\r\nprevious_points - 60,\r\nconfederation - UEFA,\r\nrank_date - 2000-01-01.\r\nPlease write also a select clause to get all the records from fifa table.\r\nYou can always fill in only these columns of new record that you want to fill in, just write them between the first bracets of the insert clause.", "hints": "", "points": 15, "solution_sql": "INSERT INTO fifa (rank, country_full, country_abrv, previous_points, confederation, rank_date) VALUES (21, 'Finland', 'FIN', 60, 'UEFA', '2000-01-01');\r\nSELECT * FROM fifa;", "evaluation_sql": "", "available": true, "order": 1}}, {"model": "challenges.challenge", "pk": 29, "fields": {"topic": 9, "name": "Lets concatenate names.", "description": "Please make a view where are pokemons' names and fifa countries' names.", "hints": "Use UNION clause.", "points": 20, "solution_sql": "SELECT name FROM pokemon\r\nUNION\r\nSELECT country_full FROM fifa;", "evaluation_sql": "", "available": true, "order": 5}}, {"model": "challenges.challengeattempt", "pk": 2, "fields": {"challenge": 4, "user": 1, "tried_sql": "SELECT * FROM pokemon;", "is_successful": true, "fail_count": 0, "attempted_at": "2018-05-15T07:20:42.578Z"}}, {"model": "challenges.challengeattempt", "pk": 3, "fields": {"challenge": 5, "user": 1, "tried_sql": "SELECT name FROM pokemon;", "is_successful": true, "fail_count": 0, "attempted_at": "2018-05-15T07:22:25.479Z"}}, {"model": "challenges.challengeattempt", "pk": 4, "fields": {"challenge": 7, "user": 1, "tried_sql": "SELECT COUNT(*) AS num FROM pokemon;", "is_successful": true, "fail_count": 1, "attempted_at": "2018-05-15T07:22:47.780Z"}}, {"model": "challenges.challengeattempt", "pk": 5, "fields": {"challenge": 8, "user": 1, "tried_sql": "SELECT name, attack FROM pokemon WHERE attack = defense;", "is_successful": true, "fail_count": 0, "attempted_at": "2018-05-15T07:24:05.991Z"}}, {"model": "challenges.challengeattempt", "pk": 6, "fields": {"challenge": 9, "user": 1, "tried_sql": "SELECT nr FROM pokemon WHERE speed > 100", "is_successful": true, "fail_count": 0, "attempted_at": "2018-05-12T13:53:54.232Z"}}, {"model": "challenges.challengeattempt", "pk": 7, "fields": {"challenge": 10, "user": 1, "tried_sql": "SELECT country_full AS name FROM fifa WHERE country_full LIKE '%land'", "is_successful": true, "fail_count": 0, "attempted_at": "2018-05-12T14:02:19.377Z"}}, {"model": "challenges.challengeattempt", "pk": 8, "fields": {"challenge": 11, "user": 1, "tried_sql": "SELECT country_full FROM fifa WHERE confederation != 'UEFA'", "is_successful": true, "fail_count": 0, "attempted_at": "2018-05-12T14:10:31.218Z"}}, {"model": "challenges.challengeattempt", "pk": 9, "fields": {"challenge": 12, "user": 1, "tried_sql": "SELECT country_full FROM fifa WHERE LEFT(country_full, 1) != LEFT(country_abrv, 1)", "is_successful": true, "fail_count": 0, "attempted_at": "2018-05-12T14:21:35.243Z"}}, {"model": "challenges.challengeattempt", "pk": 10, "fields": {"challenge": 13, "user": 1, "tried_sql": "SELECT country_full FROM fifa WHERE country_full LIKE '% %'", "is_successful": true, "fail_count": 0, "attempted_at": "2018-05-12T14:28:57.861Z"}}, {"model": "challenges.challengeattempt", "pk": 11, "fields": {"challenge": 14, "user": 1, "tried_sql": "UPDATE pokemon SET speed = 60 WHERE speed > 100;\nSELECT * FROM pokemon;", "is_successful": true, "fail_count": 0, "attempted_at": "2018-05-14T18:09:45.486Z"}}, {"model": "challenges.challengeattempt", "pk": 15, "fields": {"challenge": 18, "user": 1, "tried_sql": "UPDATE pokemon SET type_2 = NULL WHERE name LIKE '% %';\nSELECT * FROM pokemon;", "is_successful": true, "fail_count": 0, "attempted_at": "2018-05-14T18:56:10.084Z"}}, {"model": "challenges.challengeattempt", "pk": 17, "fields": {"challenge": 20, "user": 1, "tried_sql": "INSERT INTO fifa VALUES(21, 'Estonia', 'EST', 0.1, 60, 5, 0.0, 0.0, 0.0, 0.0, 0.0, 0.0, 0.0, 0.0, 'UEFA', '1993-08-08');\nSELECT * FROM fifa;", "is_successful": true, "fail_count": 0, "attempted_at": "2018-05-14T19:07:05.145Z"}}, {"model": "challenges.challengeattempt", "pk": 18, "fields": {"challenge": 21, "user": 1, "tried_sql": "ALTER TABLE pokemon ADD COLUMN lastname VARCHAR(50);\nSELECT * FROM pokemon;", "is_successful": true, "fail_count": 0, "attempted_at": "2018-05-15T05:16:45.369Z"}}, {"model": "challenges.challengeattempt", "pk": 19, "fields": {"challenge": 23, "user": 1, "tried_sql": "DELETE FROM pokemon WHERE type_2 = '';\nSELECT * FROM pokemon;", "is_successful": true, "fail_count": 0, "attempted_at": "2018-05-15T05:37:27.573Z"}}, {"model": "challenges.challengeattempt", "pk": 20, "fields": {"challenge": 25, "user": 1, "tried_sql": "SELECT * FROM pokemon WHERE hp > (SELECT MAX(previous_points) FROM fifa);", "is_successful": true, "fail_count": 0, "attempted_at": "2018-05-15T05:52:58.248Z"}}, {"model": "challenges.challengeattempt", "pk": 21, "fields": {"challenge": 27, "user": 1, "tried_sql": "ALTER TABLE pokemon DROP COLUMN speed;\nSELECT * FROM pokemon;", "is_successful": true, "fail_count": 0, "attempted_at": "2018-05-15T06:32:43.293Z"}}, {"model": "challenges.challengeattempt", "pk": 22, "fields": {"challenge": 28, "user": 1, "tried_sql": "INSERT INTO fifa (rank, country_full, country_abrv, previous_points, confederation, rank_date) VALUES (21, 'Finland', 'FIN', 60, 'UEFA', '2000-01-01');\nSELECT * FROM fifa;", "is_successful": true, "fail_count": 0, "attempted_at": "2018-05-15T07:33:06.233Z"}}, {"model": "challenges.challengeattempt", "pk": 23, "fields": {"challenge": 26, "user": 1, "tried_sql": "CREATE TABLE persons (\nid SERIAL PRIMARY KEY,\nfirstname VARCHAR(50) NOT NULL,\nlastname VARCHAR(50) NOT NULL\n);\nINSERT INTO persons (firstname, lastname) VALUES ('Kana', 'Mana');\nSELECT * FROM persons;", "is_successful": true, "fail_count": 0, "attempted_at": "2018-05-15T07:45:49.022Z"}}, {"model": "challenges.challengeattempt", "pk": 24, "fields": {"challenge": 29, "user": 1, "tried_sql": "SELECT name FROM pokemon\nUNION\nSELECT country_full FROM fifa;", "is_successful": true, "fail_count": 0, "attempted_at": "2018-05-15T08:04:29.675Z"}}, {"model": "challenges.topicsourcetable", "pk": 4, "fields": {"name": "pokemon", "creation_sql": "CREATE TABLE IF NOT EXISTS pokemon (\r\nNr INT NULL,\r\nName VARCHAR(25) NULL,\r\nType_1 VARCHAR(6) NULL,\r\nType_2 VARCHAR(6) NULL,\r\nTotal INT NULL,\r\nHP INT NULL,\r\nAttack INT NULL,\r\nDefense INT NULL,\r\nSp_Atk INT NULL,\r\nSp_Def INT NULL,\r\nSpeed INT NULL,\r\nGeneration INT NULL,\r\nLegendary VARCHAR(5) NULL\r\n);\r\n\r\nINSERT INTO pokemon VALUES\r\n(1,'Bulbasaur','Grass','Poison',318,45,49,49,65,65,45,1,'False'),\r\n(2,'Ivysaur','Grass','Poison',405,60,62,63,80,80,60,1,'False'),\r\n(3,'Venusaur','Grass','Poison',525,80,82,83,100,100,80,1,'False'),\r\n(3,'VenusaurMega Venusaur','Grass','Poison',625,80,100,123,122,120,80,1,'False'),\r\n(4,'Charmander','Fire','',309,39,52,43,60,50,65,1,'False'),\r\n(5,'Charmeleon','Fire','',405,58,64,58,80,65,80,1,'False'),\r\n(6,'Charizard','Fire','Flying',534,78,84,78,109,85,100,1,'False'),\r\n(6,'CharizardMega Charizard X','Fire','Dragon',634,78,130,111,130,85,100,1,'False'),\r\n(6,'CharizardMega Charizard Y','Fire','Flying',634,78,104,78,159,115,100,1,'False'),\r\n(7,'Squirtle','Water','',314,44,48,65,50,64,43,1,'False'),\r\n(8,'Wartortle','Water','',405,59,63,80,65,80,58,1,'False'),\r\n(9,'Blastoise','Water','',530,79,83,100,85,105,78,1,'False'),\r\n(9,'BlastoiseMega Blastoise','Water','',630,79,103,120,135,115,78,1,'False'),\r\n(10,'Caterpie','Bug','',195,45,30,35,20,20,45,1,'False'),\r\n(11,'Metapod','Bug','',205,50,20,55,25,25,30,1,'False'),\r\n(12,'Butterfree','Bug','Flying',395,60,45,50,90,80,70,1,'False'),\r\n(13,'Weedle','Bug','Poison',195,40,35,30,20,20,50,1,'False'),\r\n(14,'Kakuna','Bug','Poison',205,45,25,50,25,25,35,1,'False'),\r\n(15,'Beedrill','Bug','Poison',395,65,90,40,45,80,75,1,'False'),\r\n(15,'BeedrillMega Beedrill','Bug','Poison',495,65,150,40,15,80,145,1,'False'),\r\n(16,'Pidgey','Normal','Flying',251,40,45,40,35,35,56,1,'False'),\r\n(17,'Pidgeotto','Normal','Flying',349,63,60,55,50,50,71,1,'False'),\r\n(18,'Pidgeot','Normal','Flying',479,83,80,75,70,70,101,1,'False'),\r\n(18,'PidgeotMega Pidgeot','Normal','Flying',579,83,80,80,135,80,121,1,'False'),\r\n(19,'Rattata','Normal','',253,30,56,35,25,35,72,1,'False'),\r\n(20,'Raticate','Normal','',413,55,81,60,50,70,97,1,'False');", "column_names_json": "[\"nr\", \"name\", \"type_1\", \"type_2\", \"total\", \"hp\", \"attack\", \"defense\", \"sp_atk\", \"sp_def\", \"speed\", \"generation\", \"legendary\"]", "content_rows_json": "[[1, \"Bulbasaur\", \"Grass\", \"Poison\", 318, 45, 49, 49, 65, 65, 45, 1, \"False\"], [2, \"Ivysaur\", \"Grass\", \"Poison\", 405, 60, 62, 63, 80, 80, 60, 1, \"False\"], [3, \"Venusaur\", \"Grass\", \"Poison\", 525, 80, 82, 83, 100, 100, 80, 1, \"False\"], [3, \"VenusaurMega Venusaur\", \"Grass\", \"Poison\", 625, 80, 100, 123, 122, 120, 80, 1, \"False\"], [4, \"Charmander\", \"Fire\", \"\", 309, 39, 52, 43, 60, 50, 65, 1, \"False\"], [5, \"Charmeleon\", \"Fire\", \"\", 405, 58, 64, 58, 80, 65, 80, 1, \"False\"], [6, \"Charizard\", \"Fire\", \"Flying\", 534, 78, 84, 78, 109, 85, 100, 1, \"False\"], [6, \"CharizardMega Charizard X\", \"Fire\", \"Dragon\", 634, 78, 130, 111, 130, 85, 100, 1, \"False\"], [6, \"CharizardMega Charizard Y\", \"Fire\", \"Flying\", 634, 78, 104, 78, 159, 115, 100, 1, \"False\"], [7, \"Squirtle\", \"Water\", \"\", 314, 44, 48, 65, 50, 64, 43, 1, \"False\"], [8, \"Wartortle\", \"Water\", \"\", 405, 59, 63, 80, 65, 80, 58, 1, \"False\"], [9, \"Blastoise\", \"Water\", \"\", 530, 79, 83, 100, 85, 105, 78, 1, \"False\"], [9, \"BlastoiseMega Blastoise\", \"Water\", \"\", 630, 79, 103, 120, 135, 115, 78, 1, \"False\"], [10, \"Caterpie\", \"Bug\", \"\", 195, 45, 30, 35, 20, 20, 45, 1, \"False\"], [11, \"Metapod\", \"Bug\", \"\", 205, 50, 20, 55, 25, 25, 30, 1, \"False\"], [12, \"Butterfree\", \"Bug\", \"Flying\", 395, 60, 45, 50, 90, 80, 70, 1, \"False\"], [13, \"Weedle\", \"Bug\", \"Poison\", 195, 40, 35, 30, 20, 20, 50, 1, \"False\"], [14, \"Kakuna\", \"Bug\", \"Poison\", 205, 45, 25, 50, 25, 25, 35, 1, \"False\"], [15, \"Beedrill\", \"Bug\", \"Poison\", 395, 65, 90, 40, 45, 80, 75, 1, \"False\"], [15, \"BeedrillMega Beedrill\", \"Bug\", \"Poison\", 495, 65, 150, 40, 15, 80, 145, 1, \"False\"], [16, \"Pidgey\", \"Normal\", \"Flying\", 251, 40, 45, 40, 35, 35, 56, 1, \"False\"], [17, \"Pidgeotto\", \"Normal\", \"Flying\", 349, 63, 60, 55, 50, 50, 71, 1, \"False\"], [18, \"Pidgeot\", \"Normal\", \"Flying\", 479, 83, 80, 75, 70, 70, 101, 1, \"False\"], [18, \"PidgeotMega Pidgeot\", \"Normal\", \"Flying\", 579, 83, 80, 80, 135, 80, 121, 1, \"False\"], [19, \"Rattata\", \"Normal\", \"\", 253, 30, 56, 35, 25, 35, 72, 1, \"False\"], [20, \"Raticate\", \"Normal\", \"\", 413, 55, 81, 60, 50, 70, 97, 1, \"False\"]]", "creation_order": 0, "order": 0, "topics": [2, 10, 5, 6, 9]}}, {"model": "challenges.topicsourcetable", "pk": 5, "fields": {"name": "fifa", "creation_sql": "CREATE TABLE IF NOT EXISTS fifa (\r\nrank INT NULL,\r\ncountry_full VARCHAR(19) NULL,\r\ncountry_abrv VARCHAR(3) NULL,\r\ntotal_points FLOAT NULL,\r\nprevious_points INT NULL,\r\nrank_change INT NULL,\r\ncur_year_avg FLOAT NULL,\r\ncur_year_avg_weighted FLOAT NULL,\r\nlast_year_avg FLOAT NULL,\r\nlast_year_avg_weighted FLOAT NULL,\r\ntwo_year_ago_avg FLOAT NULL,\r\ntwo_year_ago_weighted FLOAT NULL,\r\nthree_year_ago_avg FLOAT NULL,\r\nthree_year_ago_weighted FLOAT NULL,\r\nconfederation VARCHAR(8) NULL,\r\nrank_date VARCHAR(10) NULL\r\n);\r\n\r\nINSERT INTO fifa VALUES\r\n(1,'Germany','GER',0.0,57,0,0.0,0.0,0.0,0.0,0.0,0.0,0.0,0.0,'UEFA','1993-08-08'),\r\n(2,'Italy','ITA',0.0,57,0,0.0,0.0,0.0,0.0,0.0,0.0,0.0,0.0,'UEFA','1993-08-08'),\r\n(3,'Switzerland','SUI',0.0,50,9,0.0,0.0,0.0,0.0,0.0,0.0,0.0,0.0,'UEFA','1993-08-08'),\r\n(4,'Sweden','SWE',0.0,55,0,0.0,0.0,0.0,0.0,0.0,0.0,0.0,0.0,'UEFA','1993-08-08'),\r\n(5,'Argentina','ARG',0.0,51,5,0.0,0.0,0.0,0.0,0.0,0.0,0.0,0.0,'CONMEBOL','1993-08-08'),\r\n(6,'Republic of Ireland','IRL',0.0,54,0,0.0,0.0,0.0,0.0,0.0,0.0,0.0,0.0,'UEFA','1993-08-08'),\r\n(7,'Russia','RUS',0.0,52,1,0.0,0.0,0.0,0.0,0.0,0.0,0.0,0.0,'UEFA','1993-08-08'),\r\n(8,'Brazil','BRA',0.0,55,-5,0.0,0.0,0.0,0.0,0.0,0.0,0.0,0.0,'CONMEBOL','1993-08-08'),\r\n(9,'Norway','NOR',0.0,49,5,0.0,0.0,0.0,0.0,0.0,0.0,0.0,0.0,'UEFA','1993-08-08'),\r\n(10,'Denmark','DEN',0.0,51,-1,0.0,0.0,0.0,0.0,0.0,0.0,0.0,0.0,'UEFA','1993-08-08'),\r\n(11,'England','ENG',0.0,55,-6,0.0,0.0,0.0,0.0,0.0,0.0,0.0,0.0,'UEFA','1993-08-08'),\r\n(12,'France','FRA',0.0,45,7,0.0,0.0,0.0,0.0,0.0,0.0,0.0,0.0,'UEFA','1993-08-08'),\r\n(13,'Spain','ESP',0.0,49,2,0.0,0.0,0.0,0.0,0.0,0.0,0.0,0.0,'UEFA','1993-08-08'),\r\n(14,'Mexico','MEX',0.0,42,11,0.0,0.0,0.0,0.0,0.0,0.0,0.0,0.0,'CONCACAF','1993-08-08'),\r\n(15,'RCS','TCH',0.0,47,3,0.0,0.0,0.0,0.0,0.0,0.0,0.0,0.0,'UEFA','1993-08-08'),\r\n(16,'Netherlands','NED',0.0,53,-9,0.0,0.0,0.0,0.0,0.0,0.0,0.0,0.0,'UEFA','1993-08-08'),\r\n(17,'Nigeria','NGA',0.0,49,-4,0.0,0.0,0.0,0.0,0.0,0.0,0.0,0.0,'CAF','1993-08-08'),\r\n(18,'Belgium','BEL',0.0,47,-1,0.0,0.0,0.0,0.0,0.0,0.0,0.0,0.0,'UEFA','1993-08-08'),\r\n(19,'Colombia','COL',0.0,36,16,0.0,0.0,0.0,0.0,0.0,0.0,0.0,0.0,'CONMEBOL','1993-08-08'),\r\n(20,'Poland','POL',0.0,45,0,0.0,0.0,0.0,0.0,0.0,0.0,0.0,0.0,'UEFA','1993-08-08');", "column_names_json": "[\"rank\", \"country_full\", \"country_abrv\", \"total_points\", \"previous_points\", \"rank_change\", \"cur_year_avg\", \"cur_year_avg_weighted\", \"last_year_avg\", \"last_year_avg_weighted\", \"two_year_ago_avg\", \"two_year_ago_weighted\", \"three_year_ago_avg\", \"three_year_ago_weighted\", \"confederation\", \"rank_date\"]", "content_rows_json": "[[1, \"Germany\", \"GER\", 0.0, 57, 0, 0.0, 0.0, 0.0, 0.0, 0.0, 0.0, 0.0, 0.0, \"UEFA\", \"1993-08-08\"], [2, \"Italy\", \"ITA\", 0.0, 57, 0, 0.0, 0.0, 0.0, 0.0, 0.0, 0.0, 0.0, 0.0, \"UEFA\", \"1993-08-08\"], [3, \"Switzerland\", \"SUI\", 0.0, 50, 9, 0.0, 0.0, 0.0, 0.0, 0.0, 0.0, 0.0, 0.0, \"UEFA\", \"1993-08-08\"], [4, \"Sweden\", \"SWE\", 0.0, 55, 0, 0.0, 0.0, 0.0, 0.0, 0.0, 0.0, 0.0, 0.0, \"UEFA\", \"1993-08-08\"], [5, \"Argentina\", \"ARG\", 0.0, 51, 5, 0.0, 0.0, 0.0, 0.0, 0.0, 0.0, 0.0, 0.0, \"CONMEBOL\", \"1993-08-08\"], [6, \"Republic of Ireland\", \"IRL\", 0.0, 54, 0, 0.0, 0.0, 0.0, 0.0, 0.0, 0.0, 0.0, 0.0, \"UEFA\", \"1993-08-08\"], [7, \"Russia\", \"RUS\", 0.0, 52, 1, 0.0, 0.0, 0.0, 0.0, 0.0, 0.0, 0.0, 0.0, \"UEFA\", \"1993-08-08\"], [8, \"Brazil\", \"BRA\", 0.0, 55, -5, 0.0, 0.0, 0.0, 0.0, 0.0, 0.0, 0.0, 0.0, \"CONMEBOL\", \"1993-08-08\"], [9, \"Norway\", \"NOR\", 0.0, 49, 5, 0.0, 0.0, 0.0, 0.0, 0.0, 0.0, 0.0, 0.0, \"UEFA\", \"1993-08-08\"], [10, \"Denmark\", \"DEN\", 0.0, 51, -1, 0.0, 0.0, 0.0, 0.0, 0.0, 0.0, 0.0, 0.0, \"UEFA\", \"1993-08-08\"], [11, \"England\", \"ENG\", 0.0, 55, -6, 0.0, 0.0, 0.0, 0.0, 0.0, 0.0, 0.0, 0.0, \"UEFA\", \"1993-08-08\"], [12, \"France\", \"FRA\", 0.0, 45, 7, 0.0, 0.0, 0.0, 0.0, 0.0, 0.0, 0.0, 0.0, \"UEFA\", \"1993-08-08\"], [13, \"Spain\", \"ESP\", 0.0, 49, 2, 0.0, 0.0, 0.0, 0.0, 0.0, 0.0, 0.0, 0.0, \"UEFA\", \"1993-08-08\"], [14, \"Mexico\", \"MEX\", 0.0, 42, 11, 0.0, 0.0, 0.0, 0.0, 0.0, 0.0, 0.0, 0.0, \"CONCACAF\", \"1993-08-08\"], [15, \"RCS\", \"TCH\", 0.0, 47, 3, 0.0, 0.0, 0.0, 0.0, 0.0, 0.0, 0.0, 0.0, \"UEFA\", \"1993-08-08\"], [16, \"Netherlands\", \"NED\", 0.0, 53, -9, 0.0, 0.0, 0.0, 0.0, 0.0, 0.0, 0.0, 0.0, \"UEFA\", \"1993-08-08\"], [17, \"Nigeria\", \"NGA\", 0.0, 49, -4, 0.0, 0.0, 0.0, 0.0, 0.0, 0.0, 0.0, 0.0, \"CAF\", \"1993-08-08\"], [18, \"Belgium\", \"BEL\", 0.0, 47, -1, 0.0, 0.0, 0.0, 0.0, 0.0, 0.0, 0.0, 0.0, \"UEFA\", \"1993-08-08\"], [19, \"Colombia\", \"COL\", 0.0, 36, 16, 0.0, 0.0, 0.0, 0.0, 0.0, 0.0, 0.0, 0.0, \"CONMEBOL\", \"1993-08-08\"], [20, \"Poland\", \"POL\", 0.0, 45, 0, 0.0, 0.0, 0.0, 0.0, 0.0, 0.0, 0.0, 0.0, \"UEFA\", \"1993-08-08\"]]", "creation_order": 0, "order": 0, "topics": [4, 9]}}, {"model": "challenges.challengeresulttable", "pk": 2, "fields": {"challenge": 4, "column_names_json": "[\"nr\", \"name\", \"type_1\", \"type_2\", \"total\", \"hp\", \"attack\", \"defense\", \"sp_atk\", \"sp_def\", \"speed\", \"generation\", \"legendary\"]", "content_rows_json": "[[1, \"Bulbasaur\", \"Grass\", \"Poison\", 318, 45, 49, 49, 65, 65, 45, 1, \"False\"], [2, \"Ivysaur\", \"Grass\", \"Poison\", 405, 60, 62, 63, 80, 80, 60, 1, \"False\"], [3, \"Venusaur\", \"Grass\", \"Poison\", 525, 80, 82, 83, 100, 100, 80, 1, \"False\"], [3, \"VenusaurMega Venusaur\", \"Grass\", \"Poison\", 625, 80, 100, 123, 122, 120, 80, 1, \"False\"], [4, \"Charmander\", \"Fire\", \"\", 309, 39, 52, 43, 60, 50, 65, 1, \"False\"], [5, \"Charmeleon\", \"Fire\", \"\", 405, 58, 64, 58, 80, 65, 80, 1, \"False\"], [6, \"Charizard\", \"Fire\", \"Flying\", 534, 78, 84, 78, 109, 85, 100, 1, \"False\"], [6, \"CharizardMega Charizard X\", \"Fire\", \"Dragon\", 634, 78, 130, 111, 130, 85, 100, 1, \"False\"], [6, \"CharizardMega Charizard Y\", \"Fire\", \"Flying\", 634, 78, 104, 78, 159, 115, 100, 1, \"False\"], [7, \"Squirtle\", \"Water\", \"\", 314, 44, 48, 65, 50, 64, 43, 1, \"False\"], [8, \"Wartortle\", \"Water\", \"\", 405, 59, 63, 80, 65, 80, 58, 1, \"False\"], [9, \"Blastoise\", \"Water\", \"\", 530, 79, 83, 100, 85, 105, 78, 1, \"False\"], [9, \"BlastoiseMega Blastoise\", \"Water\", \"\", 630, 79, 103, 120, 135, 115, 78, 1, \"False\"], [10, \"Caterpie\", \"Bug\", \"\", 195, 45, 30, 35, 20, 20, 45, 1, \"False\"], [11, \"Metapod\", \"Bug\", \"\", 205, 50, 20, 55, 25, 25, 30, 1, \"False\"], [12, \"Butterfree\", \"Bug\", \"Flying\", 395, 60, 45, 50, 90, 80, 70, 1, \"False\"], [13, \"Weedle\", \"Bug\", \"Poison\", 195, 40, 35, 30, 20, 20, 50, 1, \"False\"], [14, \"Kakuna\", \"Bug\", \"Poison\", 205, 45, 25, 50, 25, 25, 35, 1, \"False\"], [15, \"Beedrill\", \"Bug\", \"Poison\", 395, 65, 90, 40, 45, 80, 75, 1, \"False\"], [15, \"BeedrillMega Beedrill\", \"Bug\", \"Poison\", 495, 65, 150, 40, 15, 80, 145, 1, \"False\"], [16, \"Pidgey\", \"Normal\", \"Flying\", 251, 40, 45, 40, 35, 35, 56, 1, \"False\"], [17, \"Pidgeotto\", \"Normal\", \"Flying\", 349, 63, 60, 55, 50, 50, 71, 1, \"False\"], [18, \"Pidgeot\", \"Normal\", \"Flying\", 479, 83, 80, 75, 70, 70, 101, 1, \"False\"], [18, \"PidgeotMega Pidgeot\", \"Normal\", \"Flying\", 579, 83, 80, 80, 135, 80, 121, 1, \"False\"], [19, \"Rattata\", \"Normal\", \"\", 253, 30, 56, 35, 25, 35, 72, 1, \"False\"], [20, \"Raticate\", \"Normal\", \"\", 413, 55, 81, 60, 50, 70, 97, 1, \"False\"]]"}}, {"model": "challenges.challengeresulttable", "pk": 3, "fields": {"challenge": 5, "column_names_json": "[\"name\"]", "content_rows_json": "[[\"Bulbasaur\"], [\"Ivysaur\"], [\"Venusaur\"], [\"VenusaurMega Venusaur\"], [\"Charmander\"], [\"Charmeleon\"], [\"Charizard\"], [\"CharizardMega Charizard X\"], [\"CharizardMega Charizard Y\"], [\"Squirtle\"], [\"Wartortle\"], [\"Blastoise\"], [\"BlastoiseMega Blastoise\"], [\"Caterpie\"], [\"Metapod\"], [\"Butterfree\"], [\"Weedle\"], [\"Kakuna\"], [\"Beedrill\"], [\"BeedrillMega Beedrill\"], [\"Pidgey\"], [\"Pidgeotto\"], [\"Pidgeot\"], [\"PidgeotMega Pidgeot\"], [\"Rattata\"], [\"Raticate\"]]"}}, {"model": "challenges.challengeresulttable", "pk": 5, "fields": {"challenge": 7, "column_names_json": "[\"num\"]", "content_rows_json": "[[26]]"}}, {"model": "challenges.challengeresulttable", "pk": 6, "fields": {"challenge": 8, "column_names_json": "[\"name\", \"attack\"]", "content_rows_json": "[[\"Bulbasaur\", 49], [\"PidgeotMega Pidgeot\", 80]]"}}, {"model": "challenges.challengeresulttable", "pk": 7, "fields": {"challenge": 9, "column_names_json": "[\"nr\"]", "content_rows_json": "[[15], [18], [18]]"}}, {"model": "challenges.challengeresulttable", "pk": 8, "fields": {"challenge": 10, "column_names_json": "[\"name\"]", "content_rows_json": "[[\"Switzerland\"], [\"Republic of Ireland\"], [\"England\"], [\"Poland\"]]"}}, {"model": "challenges.challengeresulttable", "pk": 9, "fields": {"challenge": 11, "column_names_json": "[\"country_full\"]", "content_rows_json": "[[\"Argentina\"], [\"Brazil\"], [\"Mexico\"], [\"Nigeria\"], [\"Colombia\"]]"}}, {"model": "challenges.challengeresulttable", "pk": 10, "fields": {"challenge": 12, "column_names_json": "[\"country_full\"]", "content_rows_json": "[[\"Republic of Ireland\"], [\"Spain\"], [\"RCS\"]]"}}, {"model": "challenges.challengeresulttable", "pk": 11, "fields": {"challenge": 13, "column_names_json": "[\"country_full\"]", "content_rows_json": "[[\"Republic of Ireland\"]]"}}, {"model": "challenges.challengeresulttable", "pk": 12, "fields": {"challenge": 14, "column_names_json": "[\"nr\", \"name\", \"type_1\", \"type_2\", \"total\", \"hp\", \"attack\", \"defense\", \"sp_atk\", \"sp_def\", \"speed\", \"generation\", \"legendary\"]", "content_rows_json": "[[1, \"Bulbasaur\", \"Grass\", \"Poison\", 318, 45, 49, 49, 65, 65, 45, 1, \"False\"], [2, \"Ivysaur\", \"Grass\", \"Poison\", 405, 60, 62, 63, 80, 80, 60, 1, \"False\"], [3, \"Venusaur\", \"Grass\", \"Poison\", 525, 80, 82, 83, 100, 100, 80, 1, \"False\"], [3, \"VenusaurMega Venusaur\", \"Grass\", \"Poison\", 625, 80, 100, 123, 122, 120, 80, 1, \"False\"], [4, \"Charmander\", \"Fire\", \"\", 309, 39, 52, 43, 60, 50, 65, 1, \"False\"], [5, \"Charmeleon\", \"Fire\", \"\", 405, 58, 64, 58, 80, 65, 80, 1, \"False\"], [6, \"Charizard\", \"Fire\", \"Flying\", 534, 78, 84, 78, 109, 85, 100, 1, \"False\"], [6, \"CharizardMega Charizard X\", \"Fire\", \"Dragon\", 634, 78, 130, 111, 130, 85, 100, 1, \"False\"], [6, \"CharizardMega Charizard Y\", \"Fire\", \"Flying\", 634, 78, 104, 78, 159, 115, 100, 1, \"False\"], [7, \"Squirtle\", \"Water\", \"\", 314, 44, 48, 65, 50, 64, 43, 1, \"False\"], [8, \"Wartortle\", \"Water\", \"\", 405, 59, 63, 80, 65, 80, 58, 1, \"False\"], [9, \"Blastoise\", \"Water\", \"\", 530, 79, 83, 100, 85, 105, 78, 1, \"False\"], [9, \"BlastoiseMega Blastoise\", \"Water\", \"\", 630, 79, 103, 120, 135, 115, 78, 1, \"False\"], [10, \"Caterpie\", \"Bug\", \"\", 195, 45, 30, 35, 20, 20, 45, 1, \"False\"], [11, \"Metapod\", \"Bug\", \"\", 205, 50, 20, 55, 25, 25, 30, 1, \"False\"], [12, \"Butterfree\", \"Bug\", \"Flying\", 395, 60, 45, 50, 90, 80, 70, 1, \"False\"], [13, \"Weedle\", \"Bug\", \"Poison\", 195, 40, 35, 30, 20, 20, 50, 1, \"False\"], [14, \"Kakuna\", \"Bug\", \"Poison\", 205, 45, 25, 50, 25, 25, 35, 1, \"False\"], [15, \"Beedrill\", \"Bug\", \"Poison\", 395, 65, 90, 40, 45, 80, 75, 1, \"False\"], [16, \"Pidgey\", \"Normal\", \"Flying\", 251, 40, 45, 40, 35, 35, 56, 1, \"False\"], [17, \"Pidgeotto\", \"Normal\", \"Flying\", 349, 63, 60, 55, 50, 50, 71, 1, \"False\"], [19, \"Rattata\", \"Normal\", \"\", 253, 30, 56, 35, 25, 35, 72, 1, \"False\"], [20, \"Raticate\", \"Normal\", \"\", 413, 55, 81, 60, 50, 70, 97, 1, \"False\"], [15, \"BeedrillMega Beedrill\", \"Bug\", \"Poison\", 495, 65, 150, 40, 15, 80, 60, 1, \"False\"], [18, \"Pidgeot\", \"Normal\", \"Flying\", 479, 83, 80, 75, 70, 70, 60, 1, \"False\"], [18, \"PidgeotMega Pidgeot\", \"Normal\", \"Flying\", 579, 83, 80, 80, 135, 80, 60, 1, \"False\"]]"}}, {"model": "challenges.challengeresulttable", "pk": 16, "fields": {"challenge": 18, "column_names_json": "[\"nr\", \"name\", \"type_1\", \"type_2\", \"total\", \"hp\", \"attack\", \"defense\", \"sp_atk\", \"sp_def\", \"speed\", \"generation\", \"legendary\"]", "content_rows_json": "[[1, \"Bulbasaur\", \"Grass\", \"Poison\", 318, 45, 49, 49, 65, 65, 45, 1, \"False\"], [2, \"Ivysaur\", \"Grass\", \"Poison\", 405, 60, 62, 63, 80, 80, 60, 1, \"False\"], [3, \"Venusaur\", \"Grass\", \"Poison\", 525, 80, 82, 83, 100, 100, 80, 1, \"False\"], [4, \"Charmander\", \"Fire\", \"\", 309, 39, 52, 43, 60, 50, 65, 1, \"False\"], [5, \"Charmeleon\", \"Fire\", \"\", 405, 58, 64, 58, 80, 65, 80, 1, \"False\"], [6, \"Charizard\", \"Fire\", \"Flying\", 534, 78, 84, 78, 109, 85, 100, 1, \"False\"], [7, \"Squirtle\", \"Water\", \"\", 314, 44, 48, 65, 50, 64, 43, 1, \"False\"], [8, \"Wartortle\", \"Water\", \"\", 405, 59, 63, 80, 65, 80, 58, 1, \"False\"], [9, \"Blastoise\", \"Water\", \"\", 530, 79, 83, 100, 85, 105, 78, 1, \"False\"], [10, \"Caterpie\", \"Bug\", \"\", 195, 45, 30, 35, 20, 20, 45, 1, \"False\"], [11, \"Metapod\", \"Bug\", \"\", 205, 50, 20, 55, 25, 25, 30, 1, \"False\"], [12, \"Butterfree\", \"Bug\", \"Flying\", 395, 60, 45, 50, 90, 80, 70, 1, \"False\"], [13, \"Weedle\", \"Bug\", \"Poison\", 195, 40, 35, 30, 20, 20, 50, 1, \"False\"], [14, \"Kakuna\", \"Bug\", \"Poison\", 205, 45, 25, 50, 25, 25, 35, 1, \"False\"], [15, \"Beedrill\", \"Bug\", \"Poison\", 395, 65, 90, 40, 45, 80, 75, 1, \"False\"], [16, \"Pidgey\", \"Normal\", \"Flying\", 251, 40, 45, 40, 35, 35, 56, 1, \"False\"], [17, \"Pidgeotto\", \"Normal\", \"Flying\", 349, 63, 60, 55, 50, 50, 71, 1, \"False\"], [18, \"Pidgeot\", \"Normal\", \"Flying\", 479, 83, 80, 75, 70, 70, 101, 1, \"False\"], [19, \"Rattata\", \"Normal\", \"\", 253, 30, 56, 35, 25, 35, 72, 1, \"False\"], [20, \"Raticate\", \"Normal\", \"\", 413, 55, 81, 60, 50, 70, 97, 1, \"False\"], [3, \"VenusaurMega Venusaur\", \"Grass\", null, 625, 80, 100, 123, 122, 120, 80, 1, \"False\"], [6, \"CharizardMega Charizard X\", \"Fire\", null, 634, 78, 130, 111, 130, 85, 100, 1, \"False\"], [6, \"CharizardMega Charizard Y\", \"Fire\", null, 634, 78, 104, 78, 159, 115, 100, 1, \"False\"], [9, \"BlastoiseMega Blastoise\", \"Water\", null, 630, 79, 103, 120, 135, 115, 78, 1, \"False\"], [15, \"BeedrillMega Beedrill\", \"Bug\", null, 495, 65, 150, 40, 15, 80, 145, 1, \"False\"], [18, \"PidgeotMega Pidgeot\", \"Normal\", null, 579, 83, 80, 80, 135, 80, 121, 1, \"False\"]]"}}, {"model": "challenges.challengeresulttable", "pk": 18, "fields": {"challenge": 20, "column_names_json": "[\"rank\", \"country_full\", \"country_abrv\", \"total_points\", \"previous_points\", \"rank_change\", \"cur_year_avg\", \"cur_year_avg_weighted\", \"last_year_avg\", \"last_year_avg_weighted\", \"two_year_ago_avg\", \"two_year_ago_weighted\", \"three_year_ago_avg\", \"three_year_ago_weighted\", \"confederation\", \"rank_date\"]", "content_rows_json": "[[1, \"Germany\", \"GER\", 0.0, 57, 0, 0.0, 0.0, 0.0, 0.0, 0.0, 0.0, 0.0, 0.0, \"UEFA\", \"1993-08-08\"], [2, \"Italy\", \"ITA\", 0.0, 57, 0, 0.0, 0.0, 0.0, 0.0, 0.0, 0.0, 0.0, 0.0, \"UEFA\", \"1993-08-08\"], [3, \"Switzerland\", \"SUI\", 0.0, 50, 9, 0.0, 0.0, 0.0, 0.0, 0.0, 0.0, 0.0, 0.0, \"UEFA\", \"1993-08-08\"], [4, \"Sweden\", \"SWE\", 0.0, 55, 0, 0.0, 0.0, 0.0, 0.0, 0.0, 0.0, 0.0, 0.0, \"UEFA\", \"1993-08-08\"], [5, \"Argentina\", \"ARG\", 0.0, 51, 5, 0.0, 0.0, 0.0, 0.0, 0.0, 0.0, 0.0, 0.0, \"CONMEBOL\", \"1993-08-08\"], [6, \"Republic of Ireland\", \"IRL\", 0.0, 54, 0, 0.0, 0.0, 0.0, 0.0, 0.0, 0.0, 0.0, 0.0, \"UEFA\", \"1993-08-08\"], [7, \"Russia\", \"RUS\", 0.0, 52, 1, 0.0, 0.0, 0.0, 0.0, 0.0, 0.0, 0.0, 0.0, \"UEFA\", \"1993-08-08\"], [8, \"Brazil\", \"BRA\", 0.0, 55, -5, 0.0, 0.0, 0.0, 0.0, 0.0, 0.0, 0.0, 0.0, \"CONMEBOL\", \"1993-08-08\"], [9, \"Norway\", \"NOR\", 0.0, 49, 5, 0.0, 0.0, 0.0, 0.0, 0.0, 0.0, 0.0, 0.0, \"UEFA\", \"1993-08-08\"], [10, \"Denmark\", \"DEN\", 0.0, 51, -1, 0.0, 0.0, 0.0, 0.0, 0.0, 0.0, 0.0, 0.0, \"UEFA\", \"1993-08-08\"], [11, \"England\", \"ENG\", 0.0, 55, -6, 0.0, 0.0, 0.0, 0.0, 0.0, 0.0, 0.0, 0.0, \"UEFA\", \"1993-08-08\"], [12, \"France\", \"FRA\", 0.0, 45, 7, 0.0, 0.0, 0.0, 0.0, 0.0, 0.0, 0.0, 0.0, \"UEFA\", \"1993-08-08\"], [13, \"Spain\", \"ESP\", 0.0, 49, 2, 0.0, 0.0, 0.0, 0.0, 0.0, 0.0, 0.0, 0.0, \"UEFA\", \"1993-08-08\"], [14, \"Mexico\", \"MEX\", 0.0, 42, 11, 0.0, 0.0, 0.0, 0.0, 0.0, 0.0, 0.0, 0.0, \"CONCACAF\", \"1993-08-08\"], [15, \"RCS\", \"TCH\", 0.0, 47, 3, 0.0, 0.0, 0.0, 0.0, 0.0, 0.0, 0.0, 0.0, \"UEFA\", \"1993-08-08\"], [16, \"Netherlands\", \"NED\", 0.0, 53, -9, 0.0, 0.0, 0.0, 0.0, 0.0, 0.0, 0.0, 0.0, \"UEFA\", \"1993-08-08\"], [17, \"Nigeria\", \"NGA\", 0.0, 49, -4, 0.0, 0.0, 0.0, 0.0, 0.0, 0.0, 0.0, 0.0, \"CAF\", \"1993-08-08\"], [18, \"Belgium\", \"BEL\", 0.0, 47, -1, 0.0, 0.0, 0.0, 0.0, 0.0, 0.0, 0.0, 0.0, \"UEFA\", \"1993-08-08\"], [19, \"Colombia\", \"COL\", 0.0, 36, 16, 0.0, 0.0, 0.0, 0.0, 0.0, 0.0, 0.0, 0.0, \"CONMEBOL\", \"1993-08-08\"], [20, \"Poland\", \"POL\", 0.0, 45, 0, 0.0, 0.0, 0.0, 0.0, 0.0, 0.0, 0.0, 0.0, \"UEFA\", \"1993-08-08\"], [21, \"Estonia\", \"EST\", 0.1, 60, 5, 0.0, 0.0, 0.0, 0.0, 0.0, 0.0, 0.0, 0.0, \"UEFA\", \"1993-08-08\"]]"}}, {"model": "challenges.challengeresulttable", "pk": 19, "fields": {"challenge": 21, "column_names_json": "[\"nr\", \"name\", \"type_1\", \"type_2\", \"total\", \"hp\", \"attack\", \"defense\", \"sp_atk\", \"sp_def\", \"speed\", \"generation\", \"legendary\", \"lastname\"]", "content_rows_json": "[[1, \"Bulbasaur\", \"Grass\", \"Poison\", 318, 45, 49, 49, 65, 65, 45, 1, \"False\", null], [2, \"Ivysaur\", \"Grass\", \"Poison\", 405, 60, 62, 63, 80, 80, 60, 1, \"False\", null], [3, \"Venusaur\", \"Grass\", \"Poison\", 525, 80, 82, 83, 100, 100, 80, 1, \"False\", null], [3, \"VenusaurMega Venusaur\", \"Grass\", \"Poison\", 625, 80, 100, 123, 122, 120, 80, 1, \"False\", null], [4, \"Charmander\", \"Fire\", \"\", 309, 39, 52, 43, 60, 50, 65, 1, \"False\", null], [5, \"Charmeleon\", \"Fire\", \"\", 405, 58, 64, 58, 80, 65, 80, 1, \"False\", null], [6, \"Charizard\", \"Fire\", \"Flying\", 534, 78, 84, 78, 109, 85, 100, 1, \"False\", null], [6, \"CharizardMega Charizard X\", \"Fire\", \"Dragon\", 634, 78, 130, 111, 130, 85, 100, 1, \"False\", null], [6, \"CharizardMega Charizard Y\", \"Fire\", \"Flying\", 634, 78, 104, 78, 159, 115, 100, 1, \"False\", null], [7, \"Squirtle\", \"Water\", \"\", 314, 44, 48, 65, 50, 64, 43, 1, \"False\", null], [8, \"Wartortle\", \"Water\", \"\", 405, 59, 63, 80, 65, 80, 58, 1, \"False\", null], [9, \"Blastoise\", \"Water\", \"\", 530, 79, 83, 100, 85, 105, 78, 1, \"False\", null], [9, \"BlastoiseMega Blastoise\", \"Water\", \"\", 630, 79, 103, 120, 135, 115, 78, 1, \"False\", null], [10, \"Caterpie\", \"Bug\", \"\", 195, 45, 30, 35, 20, 20, 45, 1, \"False\", null], [11, \"Metapod\", \"Bug\", \"\", 205, 50, 20, 55, 25, 25, 30, 1, \"False\", null], [12, \"Butterfree\", \"Bug\", \"Flying\", 395, 60, 45, 50, 90, 80, 70, 1, \"False\", null], [13, \"Weedle\", \"Bug\", \"Poison\", 195, 40, 35, 30, 20, 20, 50, 1, \"False\", null], [14, \"Kakuna\", \"Bug\", \"Poison\", 205, 45, 25, 50, 25, 25, 35, 1, \"False\", null], [15, \"Beedrill\", \"Bug\", \"Poison\", 395, 65, 90, 40, 45, 80, 75, 1, \"False\", null], [15, \"BeedrillMega Beedrill\", \"Bug\", \"Poison\", 495, 65, 150, 40, 15, 80, 145, 1, \"False\", null], [16, \"Pidgey\", \"Normal\", \"Flying\", 251, 40, 45, 40, 35, 35, 56, 1, \"False\", null], [17, \"Pidgeotto\", \"Normal\", \"Flying\", 349, 63, 60, 55, 50, 50, 71, 1, \"False\", null], [18, \"Pidgeot\", \"Normal\", \"Flying\", 479, 83, 80, 75, 70, 70, 101, 1, \"False\", null], [18, \"PidgeotMega Pidgeot\", \"Normal\", \"Flying\", 579, 83, 80, 80, 135, 80, 121, 1, \"False\", null], [19, \"Rattata\", \"Normal\", \"\", 253, 30, 56, 35, 25, 35, 72, 1, \"False\", null], [20, \"Raticate\", \"Normal\", \"\", 413, 55, 81, 60, 50, 70, 97, 1, \"False\", null]]"}}, {"model": "challenges.challengeresulttable", "pk": 20, "fields": {"challenge": 23, "column_names_json": "[\"nr\", \"name\", \"type_1\", \"type_2\", \"total\", \"hp\", \"attack\", \"defense\", \"sp_atk\", \"sp_def\", \"speed\", \"generation\", \"legendary\"]", "content_rows_json": "[[1, \"Bulbasaur\", \"Grass\", \"Poison\", 318, 45, 49, 49, 65, 65, 45, 1, \"False\"], [2, \"Ivysaur\", \"Grass\", \"Poison\", 405, 60, 62, 63, 80, 80, 60, 1, \"False\"], [3, \"Venusaur\", \"Grass\", \"Poison\", 525, 80, 82, 83, 100, 100, 80, 1, \"False\"], [3, \"VenusaurMega Venusaur\", \"Grass\", \"Poison\", 625, 80, 100, 123, 122, 120, 80, 1, \"False\"], [6, \"Charizard\", \"Fire\", \"Flying\", 534, 78, 84, 78, 109, 85, 100, 1, \"False\"], [6, \"CharizardMega Charizard X\", \"Fire\", \"Dragon\", 634, 78, 130, 111, 130, 85, 100, 1, \"False\"], [6, \"CharizardMega Charizard Y\", \"Fire\", \"Flying\", 634, 78, 104, 78, 159, 115, 100, 1, \"False\"], [12, \"Butterfree\", \"Bug\", \"Flying\", 395, 60, 45, 50, 90, 80, 70, 1, \"False\"], [13, \"Weedle\", \"Bug\", \"Poison\", 195, 40, 35, 30, 20, 20, 50, 1, \"False\"], [14, \"Kakuna\", \"Bug\", \"Poison\", 205, 45, 25, 50, 25, 25, 35, 1, \"False\"], [15, \"Beedrill\", \"Bug\", \"Poison\", 395, 65, 90, 40, 45, 80, 75, 1, \"False\"], [15, \"BeedrillMega Beedrill\", \"Bug\", \"Poison\", 495, 65, 150, 40, 15, 80, 145, 1, \"False\"], [16, \"Pidgey\", \"Normal\", \"Flying\", 251, 40, 45, 40, 35, 35, 56, 1, \"False\"], [17, \"Pidgeotto\", \"Normal\", \"Flying\", 349, 63, 60, 55, 50, 50, 71, 1, \"False\"], [18, \"Pidgeot\", \"Normal\", \"Flying\", 479, 83, 80, 75, 70, 70, 101, 1, \"False\"], [18, \"PidgeotMega Pidgeot\", \"Normal\", \"Flying\", 579, 83, 80, 80, 135, 80, 121, 1, \"False\"]]"}}, {"model": "challenges.challengeresulttable", "pk": 21, "fields": {"challenge": 25, "column_names_json": "[\"nr\", \"name\", \"type_1\", \"type_2\", \"total\", \"hp\", \"attack\", \"defense\", \"sp_atk\", \"sp_def\", \"speed\", \"generation\", \"legendary\"]", "content_rows_json": "[[2, \"Ivysaur\", \"Grass\", \"Poison\", 405, 60, 62, 63, 80, 80, 60, 1, \"False\"], [3, \"Venusaur\", \"Grass\", \"Poison\", 525, 80, 82, 83, 100, 100, 80, 1, \"False\"], [3, \"VenusaurMega Venusaur\", \"Grass\", \"Poison\", 625, 80, 100, 123, 122, 120, 80, 1, \"False\"], [5, \"Charmeleon\", \"Fire\", \"\", 405, 58, 64, 58, 80, 65, 80, 1, \"False\"], [6, \"Charizard\", \"Fire\", \"Flying\", 534, 78, 84, 78, 109, 85, 100, 1, \"False\"], [6, \"CharizardMega Charizard X\", \"Fire\", \"Dragon\", 634, 78, 130, 111, 130, 85, 100, 1, \"False\"], [6, \"CharizardMega Charizard Y\", \"Fire\", \"Flying\", 634, 78, 104, 78, 159, 115, 100, 1, \"False\"], [8, \"Wartortle\", \"Water\", \"\", 405, 59, 63, 80, 65, 80, 58, 1, \"False\"], [9, \"Blastoise\", \"Water\", \"\", 530, 79, 83, 100, 85, 105, 78, 1, \"False\"], [9, \"BlastoiseMega Blastoise\", \"Water\", \"\", 630, 79, 103, 120, 135, 115, 78, 1, \"False\"], [12, \"Butterfree\", \"Bug\", \"Flying\", 395, 60, 45, 50, 90, 80, 70, 1, \"False\"], [15, \"Beedrill\", \"Bug\", \"Poison\", 395, 65, 90, 40, 45, 80, 75, 1, \"False\"], [15, \"BeedrillMega Beedrill\", \"Bug\", \"Poison\", 495, 65, 150, 40, 15, 80, 145, 1, \"False\"], [17, \"Pidgeotto\", \"Normal\", \"Flying\", 349, 63, 60, 55, 50, 50, 71, 1, \"False\"], [18, \"Pidgeot\", \"Normal\", \"Flying\", 479, 83, 80, 75, 70, 70, 101, 1, \"False\"], [18, \"PidgeotMega Pidgeot\", \"Normal\", \"Flying\", 579, 83, 80, 80, 135, 80, 121, 1, \"False\"]]"}}, {"model": "challenges.challengeresulttable", "pk": 22, "fields": {"challenge": 27, "column_names_json": "[\"nr\", \"name\", \"type_1\", \"type_2\", \"total\", \"hp\", \"attack\", \"defense\", \"sp_atk\", \"sp_def\", \"generation\", \"legendary\"]", "content_rows_json": "[[1, \"Bulbasaur\", \"Grass\", \"Poison\", 318, 45, 49, 49, 65, 65, 1, \"False\"], [2, \"Ivysaur\", \"Grass\", \"Poison\", 405, 60, 62, 63, 80, 80, 1, \"False\"], [3, \"Venusaur\", \"Grass\", \"Poison\", 525, 80, 82, 83, 100, 100, 1, \"False\"], [3, \"VenusaurMega Venusaur\", \"Grass\", \"Poison\", 625, 80, 100, 123, 122, 120, 1, \"False\"], [4, \"Charmander\", \"Fire\", \"\", 309, 39, 52, 43, 60, 50, 1, \"False\"], [5, \"Charmeleon\", \"Fire\", \"\", 405, 58, 64, 58, 80, 65, 1, \"False\"], [6, \"Charizard\", \"Fire\", \"Flying\", 534, 78, 84, 78, 109, 85, 1, \"False\"], [6, \"CharizardMega Charizard X\", \"Fire\", \"Dragon\", 634, 78, 130, 111, 130, 85, 1, \"False\"], [6, \"CharizardMega Charizard Y\", \"Fire\", \"Flying\", 634, 78, 104, 78, 159, 115, 1, \"False\"], [7, \"Squirtle\", \"Water\", \"\", 314, 44, 48, 65, 50, 64, 1, \"False\"], [8, \"Wartortle\", \"Water\", \"\", 405, 59, 63, 80, 65, 80, 1, \"False\"], [9, \"Blastoise\", \"Water\", \"\", 530, 79, 83, 100, 85, 105, 1, \"False\"], [9, \"BlastoiseMega Blastoise\", \"Water\", \"\", 630, 79, 103, 120, 135, 115, 1, \"False\"], [10, \"Caterpie\", \"Bug\", \"\", 195, 45, 30, 35, 20, 20, 1, \"False\"], [11, \"Metapod\", \"Bug\", \"\", 205, 50, 20, 55, 25, 25, 1, \"False\"], [12, \"Butterfree\", \"Bug\", \"Flying\", 395, 60, 45, 50, 90, 80, 1, \"False\"], [13, \"Weedle\", \"Bug\", \"Poison\", 195, 40, 35, 30, 20, 20, 1, \"False\"], [14, \"Kakuna\", \"Bug\", \"Poison\", 205, 45, 25, 50, 25, 25, 1, \"False\"], [15, \"Beedrill\", \"Bug\", \"Poison\", 395, 65, 90, 40, 45, 80, 1, \"False\"], [15, \"BeedrillMega Beedrill\", \"Bug\", \"Poison\", 495, 65, 150, 40, 15, 80, 1, \"False\"], [16, \"Pidgey\", \"Normal\", \"Flying\", 251, 40, 45, 40, 35, 35, 1, \"False\"], [17, \"Pidgeotto\", \"Normal\", \"Flying\", 349, 63, 60, 55, 50, 50, 1, \"False\"], [18, \"Pidgeot\", \"Normal\", \"Flying\", 479, 83, 80, 75, 70, 70, 1, \"False\"], [18, \"PidgeotMega Pidgeot\", \"Normal\", \"Flying\", 579, 83, 80, 80, 135, 80, 1, \"False\"], [19, \"Rattata\", \"Normal\", \"\", 253, 30, 56, 35, 25, 35, 1, \"False\"], [20, \"Raticate\", \"Normal\", \"\", 413, 55, 81, 60, 50, 70, 1, \"False\"]]"}}, {"model": "challenges.challengeresulttable", "pk": 23, "fields": {"challenge": 28, "column_names_json": "[\"rank\", \"country_full\", \"country_abrv\", \"total_points\", \"previous_points\", \"rank_change\", \"cur_year_avg\", \"cur_year_avg_weighted\", \"last_year_avg\", \"last_year_avg_weighted\", \"two_year_ago_avg\", \"two_year_ago_weighted\", \"three_year_ago_avg\", \"three_year_ago_weighted\", \"confederation\", \"rank_date\"]", "content_rows_json": "[[1, \"Germany\", \"GER\", 0.0, 57, 0, 0.0, 0.0, 0.0, 0.0, 0.0, 0.0, 0.0, 0.0, \"UEFA\", \"1993-08-08\"], [2, \"Italy\", \"ITA\", 0.0, 57, 0, 0.0, 0.0, 0.0, 0.0, 0.0, 0.0, 0.0, 0.0, \"UEFA\", \"1993-08-08\"], [3, \"Switzerland\", \"SUI\", 0.0, 50, 9, 0.0, 0.0, 0.0, 0.0, 0.0, 0.0, 0.0, 0.0, \"UEFA\", \"1993-08-08\"], [4, \"Sweden\", \"SWE\", 0.0, 55, 0, 0.0, 0.0, 0.0, 0.0, 0.0, 0.0, 0.0, 0.0, \"UEFA\", \"1993-08-08\"], [5, \"Argentina\", \"ARG\", 0.0, 51, 5, 0.0, 0.0, 0.0, 0.0, 0.0, 0.0, 0.0, 0.0, \"CONMEBOL\", \"1993-08-08\"], [6, \"Republic of Ireland\", \"IRL\", 0.0, 54, 0, 0.0, 0.0, 0.0, 0.0, 0.0, 0.0, 0.0, 0.0, \"UEFA\", \"1993-08-08\"], [7, \"Russia\", \"RUS\", 0.0, 52, 1, 0.0, 0.0, 0.0, 0.0, 0.0, 0.0, 0.0, 0.0, \"UEFA\", \"1993-08-08\"], [8, \"Brazil\", \"BRA\", 0.0, 55, -5, 0.0, 0.0, 0.0, 0.0, 0.0, 0.0, 0.0, 0.0, \"CONMEBOL\", \"1993-08-08\"], [9, \"Norway\", \"NOR\", 0.0, 49, 5, 0.0, 0.0, 0.0, 0.0, 0.0, 0.0, 0.0, 0.0, \"UEFA\", \"1993-08-08\"], [10, \"Denmark\", \"DEN\", 0.0, 51, -1, 0.0, 0.0, 0.0, 0.0, 0.0, 0.0, 0.0, 0.0, \"UEFA\", \"1993-08-08\"], [11, \"England\", \"ENG\", 0.0, 55, -6, 0.0, 0.0, 0.0, 0.0, 0.0, 0.0, 0.0, 0.0, \"UEFA\", \"1993-08-08\"], [12, \"France\", \"FRA\", 0.0, 45, 7, 0.0, 0.0, 0.0, 0.0, 0.0, 0.0, 0.0, 0.0, \"UEFA\", \"1993-08-08\"], [13, \"Spain\", \"ESP\", 0.0, 49, 2, 0.0, 0.0, 0.0, 0.0, 0.0, 0.0, 0.0, 0.0, \"UEFA\", \"1993-08-08\"], [14, \"Mexico\", \"MEX\", 0.0, 42, 11, 0.0, 0.0, 0.0, 0.0, 0.0, 0.0, 0.0, 0.0, \"CONCACAF\", \"1993-08-08\"], [15, \"RCS\", \"TCH\", 0.0, 47, 3, 0.0, 0.0, 0.0, 0.0, 0.0, 0.0, 0.0, 0.0, \"UEFA\", \"1993-08-08\"], [16, \"Netherlands\", \"NED\", 0.0, 53, -9, 0.0, 0.0, 0.0, 0.0, 0.0, 0.0, 0.0, 0.0, \"UEFA\", \"1993-08-08\"], [17, \"Nigeria\", \"NGA\", 0.0, 49, -4, 0.0, 0.0, 0.0, 0.0, 0.0, 0.0, 0.0, 0.0, \"CAF\", \"1993-08-08\"], [18, \"Belgium\", \"BEL\", 0.0, 47, -1, 0.0, 0.0, 0.0, 0.0, 0.0, 0.0, 0.0, 0.0, \"UEFA\", \"1993-08-08\"], [19, \"Colombia\", \"COL\", 0.0, 36, 16, 0.0, 0.0, 0.0, 0.0, 0.0, 0.0, 0.0, 0.0, \"CONMEBOL\", \"1993-08-08\"], [20, \"Poland\", \"POL\", 0.0, 45, 0, 0.0, 0.0, 0.0, 0.0, 0.0, 0.0, 0.0, 0.0, \"UEFA\", \"1993-08-08\"], [21, \"Finland\", \"FIN\", null, 60, null, null, null, null, null, null, null, null, null, \"UEFA\", \"2000-01-01\"]]"}}, {"model": "challenges.challengeresulttable", "pk": 24, "fields": {"challenge": 26, "column_names_json": "[\"id\", \"firstname\", \"lastname\"]", "content_rows_json": "[[1, \"Kana\", \"Mana\"]]"}}, {"model": "challenges.challengeresulttable", "pk": 25, "fields": {"challenge": 29, "column_names_json": "[\"name\"]", "content_rows_json": "[[\"Pidgeotto\"], [\"Blastoise\"], [\"Spain\"], [\"Republic of Ireland\"], [\"Italy\"], [\"Germany\"], [\"France\"], [\"Russia\"], [\"CharizardMega Charizard Y\"], [\"England\"], [\"Caterpie\"], [\"BlastoiseMega Blastoise\"], [\"Netherlands\"], [\"Argentina\"], [\"Squirtle\"], [\"Brazil\"], [\"Charizard\"], [\"Sweden\"], [\"Charmeleon\"], [\"Wartortle\"], [\"Pidgeot\"], [\"Switzerland\"], [\"CharizardMega Charizard X\"], [\"Mexico\"], [\"Ivysaur\"], [\"Beedrill\"], [\"Pidgey\"], [\"RCS\"], [\"Butterfree\"], [\"Charmander\"], [\"Kakuna\"], [\"Nigeria\"], [\"Weedle\"], [\"Raticate\"], [\"Poland\"], [\"Norway\"], [\"Colombia\"], [\"Rattata\"], [\"Denmark\"], [\"BeedrillMega Beedrill\"], [\"Venusaur\"], [\"Metapod\"], [\"PidgeotMega Pidgeot\"], [\"Bulbasaur\"], [\"VenusaurMega Venusaur\"], [\"Belgium\"]]"}}]